Chloe Bradshaw,sapien.imperdiet@nibhenimgravida.com
Olivia Hendricks,quis.tristique.ac@nisi.com
Robin Figueroa,metus.vitae.velit@hymenaeosMauris.com
Cheryl Lyons,molestie.Sed@ipsumporta.com
Lesley Mendoza,nec.tempus@congueaaliquet.edu
Natalie Odonnell,semper.egestas@sit.ca
Haley Macias,est@egetmetusIn.ca
Inez Grant,rutrum@consectetuermaurisid.ca
Kiayada Hurley,ut@ipsum.ca
Rhona Buckley,purus.in.molestie@Proinvelarcu.ca
Sybill Sampson,suscipit.nonummy@egestasSed.com
Colette Underwood,est@ac.edu
Chava Bush,auctor@ornarefacilisis.ca
Miranda Dunn,odio.a@Donecfelis.ca
Chanda Roach,Phasellus.libero.mauris@convallisante.com
Willow Figueroa,non.enim@adipiscing.ca
Julie Hahn,natoque.penatibus.et@nonleo.com
Avye Dyer,nec@auctorvelit.edu
Tallulah Caldwell,dapibus@Fuscediamnunc.edu
Keiko Herring,faucibus.ut@magnaCrasconvallis.org
Tanisha Tucker,Sed.diam@molestie.edu
Remedios Dejesus,nunc.sit@utodio.org
Aileen Byrd,semper.erat.in@auctor.ca
Chantale Velazquez,orci@seddui.edu
Amber Kemp,Nunc.sollicitudin.commodo@nisia.com
Natalie Griffin,dui@Aeneansed.com
Azalia Brewer,enim.Nunc.ut@in.edu
Kathleen Richards,metus.Aenean.sed@scelerisquemollisPhasellus.com
Alma Langley,semper.cursus@sagittis.edu
Ivory Delgado,risus@quispede.org
Clare Forbes,molestie.orci.tincidunt@eteros.com
Marny Nash,Aliquam.vulputate@quistristique.ca
Brielle Hickman,eros@Sednullaante.edu
Willa Palmer,diam@Donecporttitortellus.com
Lacota Cruz,cubilia@posuerevulputate.edu
Teegan Russo,Nullam.enim@mifringilla.org
Sylvia Chapman,aliquam.adipiscing@enimEtiam.edu
Kitra Best,purus.in@pedePraesenteu.ca
Nola Cummings,Proin@odiotristique.ca
Vivian Estrada,fames.ac.turpis@turpis.com
Lana Compton,neque@purusin.com
Wendy Adams,magna.sed@velit.ca
Shana Montgomery,luctus.Curabitur.egestas@interdumenimnon.ca
Evangeline Hill,neque.Sed.eget@duinectempus.edu
Raven Carr,mi.enim@etrutrum.org
Nita Wise,Cum@magnaLoremipsum.edu
Angelica Rivas,laoreet@loremDonec.com
Ebony Vaughan,molestie@purusaccumsan.org
Amanda Randolph,fringilla.purus.mauris@MorbivehiculaPellentesque.edu
Demetria Roberts,posuere.vulputate.lacus@auguescelerisquemollis.org
Petra Shaffer,a.mi.fringilla@egestaslacinia.org
Aileen Mccarthy,inceptos@Vivamusmolestie.ca
Shannon Guy,adipiscing.enim@quam.org
Alexa Montgomery,quis.diam.luctus@auctorvelit.edu
Charissa Preston,tortor.at.risus@aliquamenim.org
Chava Cummings,Nulla.tempor@turpisnecmauris.com
Frances Villarreal,mauris@mattis.edu
Jael Chambers,est.tempor.bibendum@ligulaNullamenim.org
Cora Davis,dignissim.Maecenas.ornare@quamCurabiturvel.com
Lacy Carey,pharetra@nonbibendum.ca
Carol Williamson,faucibus.ut@augueeutellus.org
Colleen Hobbs,pede.malesuada@nasceturridiculus.edu
Ila Stark,hendrerit.consectetuer.cursus@orci.ca
Anne Gillespie,facilisis@vehiculaPellentesque.com
Shana Padilla,elementum@enimEtiamimperdiet.com
Lisandra Cunningham,amet@parturientmontes.com
Darryl Winters,tellus.justo@luctusutpellentesque.edu
Whilemina Vance,Integer@elit.org
Penelope Owens,in.hendrerit.consectetuer@ipsumleo.org
Ariel Prince,montes@quisdiamPellentesque.com
Madeson Patterson,pharetra.felis.eget@gravidanuncsed.com
Lacy May,aliquet.molestie@egetvenenatis.com
Piper Cooley,tempor@vestibulummassarutrum.edu
Fiona Church,quam.a@Donecdignissimmagna.edu
Stacey Ramirez,nec.tempus@Nuncmauris.com
Candace Mclean,montes.nascetur.ridiculus@Pellentesque.edu
Moana Byers,Integer.in@eget.ca
Darrel Roberson,dapibus.id.blandit@euduiCum.ca
Sonia Garner,blandit.congue.In@Donec.edu
Kylee Mckenzie,magna.nec@posuere.com
Ima Mccarthy,mauris.aliquam@Phasellusataugue.com
Althea Wade,lobortis.Class@Seddiamlorem.ca
Mikayla Albert,euismod.enim@fringillaeuismod.com
Irma Simon,porttitor.vulputate@neceuismod.org
Melyssa Cummings,Fusce.dolor.quam@aliquetmolestietellus.edu
Kelsie Nash,enim.Sed@Vivamusnibh.ca
Freya Franks,pharetra.ut@dui.com
Melodie Ramirez,orci.Phasellus.dapibus@ultricesposuere.ca
Amaya Cummings,ultrices.Vivamus@dignissimtempor.org
Daria Battle,ipsum.primis.in@malesuadafringillaest.com
Freya Gilbert,facilisis@nonlacinia.org
Xantha Snyder,diam@eratnonummy.org
Claudia Barker,diam.eu.dolor@In.ca
Nadine Shepherd,luctus.vulputate.nisi@lectusrutrumurna.org
Madeson Swanson,ipsum.Curabitur.consequat@ut.com
Stacey Mcintyre,ut@adui.com
Ann Valencia,diam@Duisami.com
Colette Bishop,ultricies.adipiscing@ametrisusDonec.ca
Risa Mcfarland,augue.ut@necdiam.com
Nomlanga Estes,et.rutrum.non@scelerisquenequesed.com